Workbook

Sheet Dashboard Tổng Quan
A1: DASHBOARD THEO DÕI TIẾN ĐỘ TỔNG QUAN - IELTS 7.0 (12 THÁNG / 52 TUẦN)
A2: Hệ thống tự động cập nhật tiến độ học tập từ bảng chi tiết 52 tuần & kết quả thi thử
A4: 1. TIẾN ĐỘ HỌC TẬP TỔNG THỂ (LEARNING PROGRESS)
A5: Tổng số tuần | B5: Số tuần Đã hoàn thành | C5: Số tuần Đang học | D5: Số tuần Chưa học | E5: TỶ LỆ HOÀN THÀNH (%)
A6: =COUNTA('Chi Tiết 52 Tuần'!B5:B56) -> 52 | B6: =COUNTIF('Chi Tiết 52 Tuần'!K5:K56, "Hoàn thành") -> 0 | C6: =COUNTIF('Chi Tiết 52 Tuần'!K5:K56, "Đang học") -> 1 | D6: =COUNTIF('Chi Tiết 52 Tuần'!K5:K56, "Chưa học") -> 42 | E6: =B6/A6 -> 0
A9: 2. TIẾN ĐỘ THEO TỪNG GIAI ĐOẠN (PHASE PROGRESS)
A10: Giai đoạn | B10: Thời gian | C10: Số tuần | D10: Mục tiêu Band | E10: Số tuần hoàn thành | F10: Tiến độ Giai đoạn
A11: GĐ 1: Xây dựng nền tảng (Foundation) | B11: Tháng 1 - 3 (Tuần 1 - 12) | C11: 12 | D11: Band 4.0 - 4.5 | E11: =COUNTIF('Chi Tiết 52 Tuần'!K5:K16, "Hoàn thành") -> 0 | F11: =E11/C11 -> 0
A12: GĐ 2: Phương pháp & Format IELTS | B12: Tháng 4 - 6 (Tuần 13 - 26) | C12: 14 | D12: Band 5.0 - 5.5 | E12: =COUNTIF('Chi Tiết 52 Tuần'!K17:K30, "Hoàn thành") -> 0 | F12: =E12/C12 -> 0
A13: GĐ 3: Tăng tốc & Nâng tầm tư duy | B13: Tháng 7 - 9 (Tuần 27 - 39) | C13: 13 | D13: Band 6.0 - 6.5 | E13: =COUNTIF('Chi Tiết 52 Tuần'!K31:K43, "Hoàn thành") -> 0 | F13: =E13/C13 -> 0
A14: GĐ 4: Luyện đề thực chiến & Về đích | B14: Tháng 10 - 12 (Tuần 40 - 52) | C14: 13 | D14: Band 7.0+ | E14: =COUNTIF('Chi Tiết 52 Tuần'!K44:K56, "Hoàn thành") -> 0 | F14: =E14/C14 -> 0
A17: 3. CHIẾN LƯỢC ĐIỂM SỐ MỤC TIÊU (OVERALL 7.0 TARGET)
A18: Kỹ năng | B18: Target Band | C18: Số câu đúng / Yêu cầu | D18: Tỷ trọng đóng góp | E18: Chiến lược hành động
A19: Listening | B19: 7.5 | C19: 32 - 34 / 40 câu | D19: Gánh điểm | E19: Tối đa hóa điểm Sec 1 & 2 (19-20/20), bứt phá Sec 3 & 4
A20: Reading | B20: 7.5 | C20: 33 - 34 / 40 câu | D20: Gánh điểm | E20: Làm chủ Skimming/Scanning, xử lý T/F/NG, quản lý thời gian 55 phút
A21: Writing | B21: 6.5 | C21: Task 1: 6.5+, Task 2: 6.5 | D21: Vùng an toàn | E21: Bố cục chuẩn, mạch lạc (Coherence), Collocations học thuật, sạch lỗi ngữ pháp
A22: Speaking | B22: 6.5 | C22: Part 1 trôi chảy, Part 2 & 3 tự nhiên | D22: Vùng an toàn | E22: Phản xạ nhanh, tư duy P.E.E.L cho Part 3, phát âm rõ ràng, không ngắc ngứ
A23: OVERALL | B23: 7 | C23: (7.5 + 7.5 + 6.5 + 6.5) / 4 = 7.0 | D23: MỤC TIÊU | E23: Kế hoạch 12 tháng giãn cách giúp thấm sâu từ vựng & phản xạ tự nhiên

Sheet Chi Tiết 52 Tuần
A1: LỘ TRÌNH CHI TIẾT 12 THÁNG (52 TUẦN) CHINH PHỤC IELTS 7.0
A2: Kế hoạch tuần chi tiết 4 kỹ năng + Ngữ pháp/Từ vựng + Cột Trạng thái (Hoàn thành / Đang học / Chưa học) & Ghi chú cá nhân
A4: Tháng | B4: Tuần | C4: Giai đoạn & Mục tiêu trọng tâm | D4: Listening (Nghe) | E4: Reading (Đọc) | F4: Writing (Viết) | G4: Speaking (Nói) | H4: Từ vựng / Ngữ pháp | I4: Thời lượng gợi ý | J4: KPI Đầu ra Tuần | K4: Trạng thái | L4: Ghi chú cá nhân
A5: Tháng 1 | B5: Tuần 1 | C5: GĐ 1: Chuẩn hóa 20 Nguyên âm IPA & 3 Thì cơ bản | D5: Nhận diện 20 nguyên âm IPA; Nghe BBC 6 Minute English (tốc độ 0.8x) | E5: Đọc hiểu 2 bài báo ngắn (Spotlight English / VOA); tra từ điển Oxford | F5: Luyện viết 10 câu đơn hoàn chỉnh; phân biệt các cấu trúc S-V-O, S-V-Adj | G5: Luyện phát âm chuẩn 20 nguyên âm đơn & đôi trước gương | H5: 3 thì cơ bản: HTĐ, HTTD, QKĐ; 50 từ vựng chủ đề Daily Routine | I5: 8 - 10h/tuần | J5: Phát âm chuẩn 20 nguyên âm; viết câu đơn không sai thì | K5: Đang học
A6: Tháng 1 | B6: Tuần 2 | C6: GĐ 1: 24 Phụ âm IPA & Các thì hoàn thành | D6: Luyện 24 phụ âm IPA (chú ý cặp âm /s/ - /ʃ/, /θ/ - /ð/); nghe chép 2 đoạn ngắn | E6: Đọc 2 bài VOA Learning English Level 1; gạch chân danh từ & động từ chính | F6: Luyện viết câu sử dụng liên từ kết hợp (and, but, so, because) | G6: Luyện phát âm 24 phụ âm; tập nói 5 câu giới thiệu bản thân chuẩn ngữ điệu | H6: Thì HTHT, QKTD, TLĐ; 50 từ vựng chủ đề Family & Relationships | I6: 8 - 10h/tuần | J6: Nắm trọn 44 âm IPA; phát âm có ending sounds rõ ràng | K6: Chưa học
A7: Tháng 1 | B7: Tuần 3 | C7: GĐ 1: Trọng âm từ, Ngữ điệu & Câu ghép | D7: Nghe chép chính tả 3 bài VOA ngắn; chú ý cách ngắt cụm (chunking) | E7: Đọc bài 250 từ; tập tóm tắt ý chính của từng đoạn văn ngắn | F7: Cấu trúc câu ghép (Compound Sentences) với FANBOYS; tránh lỗi phẩy nối câu | G7: Quy tắc trọng âm từ 2 & 3 âm tiết; luyện nói giới thiệu sở thích (Hobbies) | H7: Từ loại (Word Formation: N, V, Adj, Adv); 50 từ chủ đề Work & Study | I7: 8 - 10h/tuần | J7: Viết được câu ghép chuẩn ngữ pháp; nói đúng trọng âm từ | K7: Chưa học
A8: Tháng 1 | B8: Tuần 4 | C8: GĐ 1: Câu phức & Tổng kết Tháng 1 | D8: Nghe 3 bài podcast VOA; tập ghi chú từ khóa chính (Keyword note-taking) | E8: Đọc 3 bài báo ngắn; phân tích mệnh đề chính và mệnh đề phụ thuộc | F8: Cấu trúc câu phức (Complex Sentences) với Although, Since, While, If | G8: Luyện trả lời 5 câu hỏi giao tiếp thông thường trôi chảy, tự nhiên | H8: Tổng ôn 200 từ vựng Tháng 1 qua Flashcard/Anki; ôn tập 6 thì cơ bản | I8: 8 - 10h/tuần | J8: Làm Mini-test Ngữ pháp & Từ vựng đạt >= 80% điểm | K8: Chưa học
A9: Tháng 2 | B9: Tuần 5 | C9: GĐ 1: Mệnh đề quan hệ & Nghe chép chính tả nâng cao | D9: Nghe chép chính tả 3 bài BBC 6 Minute English (mục tiêu đúng >= 80% từ) | E9: Đọc 2 bài báo The Guardian/BBC trung cấp; ghi chép cụm Collocations | F9: Mệnh đề quan hệ xác định (Defining) & không xác định (Non-defining) | G9: Tập nói đoạn văn 1 phút về một ngày làm việc/học tập (ghi âm và nghe lại) | H9: Mệnh đề quan hệ (who, which, that, where); 60 từ chủ đề Education | I9: 8 - 10h/tuần | J9: Ứng dụng mượt mà who/which/that vào câu viết và câu nói | K9: Chưa học
A10: Tháng 2 | B10: Tuần 6 | C10: GĐ 1: Thể bị động & Nhại giọng (Shadowing) | D10: Luyện nghe số, ngày tháng, đánh vần tên riêng (chuẩn bị cho IELTS Sec 1) | E10: Đọc có bấm giờ: Đọc bài 350 từ trong 3 phút và trả lời 3 câu hỏi ý chính | F10: Thể bị động (Passive Voice) các thì cơ bản; ứng dụng trong văn miêu tả | G10: Phương pháp Shadowing (Nhại giọng) theo video BBC 15 phút mỗi ngày | H10: Câu điều kiện loại 1 & loại 2; 60 từ vựng chủ đề Technology & Media | I10: 8 - 10h/tuần | J10: Nghe đúng 10/10 câu đánh vần tên & số điện thoại | K10: Chưa học
A11: Tháng 2 | B11: Tuần 7 | C11: GĐ 1: Mệnh đề phân từ rút gọn & Collocations | D11: Nghe chép đoạn hội thoại 2 người về đặt phòng khách sạn / mua hàng | E11: Đọc bài báo khoa học đơn giản; phân tích cách liên kết giữa các đoạn | F11: Mệnh đề phân từ rút gọn (V-ing / V-ed); tránh lỗi sai chủ ngữ | G11: Luyện trả lời trôi chảy 5 chủ đề quen thuộc (Food, Travel, Weather, Hometown) | H11: Collocations cơ bản (Make/Do/Take/Have); 60 từ chủ đề Environment | I11: 8 - 10h/tuần | J11: Viết được câu có sử dụng mệnh đề phân từ rút gọn V-ing | K11: Chưa học
A12: Tháng 2 | B12: Tuần 8 | C12: GĐ 1: Đọc hiểu chuyên sâu & Đoạn văn mô tả | D12: Nghe podcast Spotlight English tốc độ tự nhiên; tập tóm tắt lại nội dung | E12: Đọc bài đọc 400 từ; luyện kỹ năng đoán nghĩa từ mới dựa vào văn cảnh | F12: Viết đoạn văn 120 từ mô tả một địa điểm yêu thích có dùng câu phức & bị động | G12: Luyện nói 2 phút về chủ đề 'A memorable trip' (ghi âm tự sửa lỗi) | H12: Cụm động từ (Phrasal Verbs) thông dụng trong giao tiếp hàng ngày; 50 từ | I12: 8 - 10h/tuần | J12: Viết đoạn văn mạch lạc 120 từ không mắc lỗi ngữ pháp cơ bản | K12: Chưa học
A13: Tháng 3 | B13: Tuần 9 | C13: GĐ 1: Câu gián tiếp & Câu giả định | D13: Luyện nghe nhận diện âm đuôi /s/, /z/, /ed/ trong các đoạn hội thoại nhanh | E13: Đọc bài báo phân tích xã hội ngắn; xác định luận điểm và luận cứ của tác giả | F13: Câu gián tiếp (Reported Speech) & Cấu trúc câu giả định (Wish, If only) | G13: Luyện nói phản xạ: Hỏi và đáp nhanh 10 câu hỏi đời sống không chuẩn bị trước | H13: Tổng hợp 100 tính từ mô tả cảm xúc, tính cách, cảnh quan | I13: 8 - 10h/tuần | J13: Nắm vững quy tắc lùi thì trong câu tường thuật gián tiếp | K13: Chưa học
A14: Tháng 3 | B14: Tuần 10 | C14: GĐ 1: Kỹ năng tóm tắt & Mở rộng trường từ vựng | D14: Nghe bài giảng ngắn 3 phút trên TED-Ed; ghi lại 5 luận điểm chính | E14: Đọc 2 bài viết phân tích xu hướng; tập tóm tắt mỗi bài trong 3 câu | F14: Viết bài tóm tắt nội dung 150 từ kết hợp đa dạng câu đơn, ghép, phức | G14: Luyện nói theo cặp hoặc trước gương: Bàn về thói quen đọc sách & xem phim | H14: 60 từ vựng học thuật cơ bản (Analyze, indicate, significant, factor...) | I14: 8 - 10h/tuần | J14: Tóm tắt bài đọc chính xác, không sao chép nguyên văn | K14: Chưa học
A15: Tháng 3 | B15: Tuần 11 | C15: GĐ 1: Tổng ôn toàn bộ Ngữ pháp & Từ vựng Nền tảng | D15: Luyện nghe tổng hợp các giọng đọc khác nhau (Anh - Anh, Anh - Mỹ, Anh - Úc) | E15: Đọc hiểu 3 bài báo; kiểm tra độ hiểu đạt trên 85% không tra từ điển | F15: Rà soát toàn bộ các cấu trúc câu đã học: Đảo ngữ cơ bản, so sánh, câu điều kiện | G15: Luyện nói liên tục 2 phút tự tin, chuẩn ngữ điệu và phát âm | H15: Ôn tập toàn bộ 600 từ vựng cốt lõi của Giai đoạn 1 qua Anki | I15: 8 - 10h/tuần | J15: Sẵn sàng 100% kiến thức nền tảng để bước vào format IELTS | K15: Chưa học
A16: Tháng 3 | B16: Tuần 12 | C16: GĐ 1: TEST ĐÁNH GIÁ NỀN TẢNG (TARGET BAND 4.0 - 4.5) | D16: Làm thử Section 1 đề Cambridge 10 Test 1 có bấm giờ (Mục tiêu >= 7/10 câu) | E16: Làm bài đọc hiểu 13 câu hỏi ngắn (Mục tiêu >= 8/13 câu đúng) | F16: Viết đoạn văn 150 từ nêu quan điểm về việc học tiếng Anh | G16: Ghi âm bài nói 3 phút giới thiệu bản thân, quê hương và công việc/học tập | H16: Lập bảng phân tích lỗ hổng kiến thức sau bài kiểm tra | I16: 10h/tuần | J16: CHÍNH THỨC HOÀN THÀNH GIAI ĐOẠN 1 - ĐẠT BAND 4.0 - 4.5 | K16: Chưa học
... A40: Tháng 9 | B40: Tuần 36 | C40: GĐ 3: Hoàn thiện Fluency & Viết Task 1 khó | D40: Luyện nghe audio tốc độ 1.2x để tăng độ nhạy phản xạ khi đi thi | E40: Reading: Tập trung sửa triệt để dạng bài còn sai nhiều (Matching Headings / T/F/NG) | F40: Writing Task 1: Luyện viết 2 bài Process & Map nâng cao | G40: Speaking: Thu âm và tự nghe lại để loại bỏ toàn bộ từ 'à', 'ừm' không cần thiết | H40: Tổng hợp 50 cụm Collocations tự nhiên cho Speaking Part 1 & 2 | I40: 10 - 12h/tuần | J40: Speaking trôi chảy tự nhiên, giảm 80% độ ngập ngừng | K40: Chưa học
A41: Tháng 9 | B41: Tuần 37 | C41: GĐ 3: Tổng ôn bộ đề Cam 15 | D41: Làm Full Test Listening + Reading Cam 15 Test 3 & 4 (phân tích lỗi cực sâu) | E41: Viết 3 bài Task 2 trọng điểm; kiểm tra sự cân đối lập luận giữa các đoạn | F41: Luyện 10 chủ đề Speaking Part 3 có độ trừu tượng cao | G41: Ôn tập 200 từ vựng C1/Collocations từ các bài đọc Cam 15 | H41: 10 - 12h/tuần | I41: Hoàn thành các bài viết Task 2 với lập luận đa chiều vững chắc | J41: Chưa học
A42: Tháng 9 | B42: Tuần 38 | C42: GĐ 3: Ghép đề & Rà soát Lỗi sai Toàn diện | D42: Làm đề Listening & Reading Cam 16 Test 1; ghi chép chi tiết vào Mistake Log | E42: Writing: Tối ưu hóa tiêu chí Lexical Resource & Grammatical Range | F42: Speaking: Luyện Mock Test Speaking 1-1 có bấm giờ chính xác | G42: Rà soát toàn bộ các lỗi chính tả Listening hay sai (double letters) | H42: 10 - 12h/tuần | I42: Hạn chế tối đa các lỗi sai chính tả trong Listening & Reading | J42: Chưa học
A43: Tháng 9 | B43: Tuần 39 | C43: GĐ 3: MOCK TEST CUỐI GIAI ĐOẠN 3 (MỤC TIÊU 6.5 OVERALL) | D43: THI THỬ FULL TEST 4 KỸ NĂNG DƯỚI ÁP LỰC THI THẬT (Đề Cam 16 Test 2) | E43: Listening Target: 30-32/40 (Band 7.0 - 7.5) | Reading Target: 30-32/40 (Band 7.0 - 7.5) | F43: Writing Target: Task 1 (6.5) + Task 2 (6.5) => Writing 6.5 | G43: Speaking Target: Fluency tốt, phát âm chuẩn, ý tứ rõ ràng (Band 6.5) | H43: Đánh giá toàn diện và lập kế hoạch nước rút cho 3 tháng cuối | I43: 12h/tuần | J43: ĐẠT CHÍNH THỨC BAND 6.5 OVERALL - BƯỚC VÀO CHẶNG LUYỆN ĐỀ THỰC CHIẾN | K43: Chưa học
A44: Tháng 10 | B44: Tuần 40 | C44: GĐ 4: Thực chiến Cam 16 & Tối ưu Listening | D44: Giải đề Cam 16 Test 3 & 4 (Listening + Reading buổi sáng 9h - 11h30 như thi thật) | E44: Phân tích kỹ lưỡng từng bẫy âm thanh gây mất điểm ở Sec 3 & Sec 4 | F44: Writing Task 1: Rà soát lại tất cả các dạng, viết tốc độ 17 phút/bài | G44: Speaking: Luyện 15 chủ đề Part 1 trong Bộ đề Dự đoán (Forecast) mới nhất | H44: Củng cố các cặp từ dễ nhầm lẫn trong chính tả Listening (accommodation, environment) | I44: 10 - 12h/tuần | J44: Listening chạm mốc 33/40 (Band 7.5); Viết Task 1 trong 17 phút | K44: Chưa học
A45: Tháng 10 | B45: Tuần 41 | C45: GĐ 4: Thực chiến Cam 17 & Tối ưu Reading | D45: Giải đề Cam 17 Test 1 & 2 (bấm giờ nghiêm ngặt) | E45: Reading: Mục tiêu kiểm soát bài đọc trong 50 phút, 10 phút soát đáp án | F45: Writing Task 2: Viết 2 bài chủ đề Giáo dục & Công nghệ theo đề thi thật | G45: Speaking: Luyện 10 chủ đề Part 2 trong Forecast quý thi (lập sơ đồ ý nhanh) | H45: Học các cụm C1 nâng band điểm Lexical cho Speaking (A double-edged sword, invaluable) | I45: 10 - 12h/tuần | J45: Reading ổn định 33-35/40 (Band 7.5 - 8.0); Speaking phản xạ trong 10s | K45: Chưa học
A46: Tháng 10 | B46: Tuần 42 | C46: GĐ 4: Luyện đề Cam 17 & Đột phá Writing 6.5+ | D46: Giải đề Cam 17 Test 3 & 4 (Listening + Reading) | E46: Writing: Tối ưu bài viết bằng cách đưa ví dụ thực tế và số liệu thuyết phục | F46: Speaking: Luyện Part 3 trong Forecast (tập trung giải thích sâu và phản biện logic) | G46: Duy trì thói quen nghe Podcast tiếng Anh 30 phút mỗi ngày khi đi lại/thư giãn | H46: Tổng hợp 50 Collocations ăn điểm cho Writing Task 2 | I46: 10 - 12h/tuần | J46: Writing được chấm ổn định 6.5; Không còn lỗi sai ngữ pháp cơ bản | K46: Chưa học
A47: Tháng 10 | B47: Tuần 43 | C47: GĐ 4: Tổng kết Cam 17 & Mistake Log Chuyên sâu | D47: Giải Full Test Cam 17; Tổng kết toàn bộ lỗi sai của bộ đề Cambridge 16 & 17 | E47: Reading: Đọc lại các bài văn mẫu điểm cao để học cách tổ chức ý tưởng | F47: Writing: Viết 1 bài Task 1 và 1 bài Task 2 trong 55 phút liên tục | G47: Speaking: Mock Test 1-1 Speaking trọn vẹn 15 phút với giáo viên/bạn học | H47: Rà soát toàn bộ các bẫy thường gặp trong Sổ tay lỗi sai cá nhân | I47: 10 - 12h/tuần | J47: Khắc phục 90% các lỗi sai cố hữu từng mắc phải trong các đề trước | K47: Chưa học
A48: Tháng 11 | B48: Tuần 44 | C48: GĐ 4: Thực chiến Cambridge 18 Test 1 & 2 | D48: Giải đề Cam 18 Test 1 & Test 2 theo đúng quy trình và khung giờ thi thật | E48: Listening mục tiêu: 34-36/40 (Band 8.0) để tạo vùng an toàn tối đa cho Overall | F48: Reading mục tiêu: 33-35/40 (Band 7.5 - 8.0) | G48: Writing: Viết và sửa 2 bài Task 2 bám sát xu hướng ra đề năm nay | H48: Speaking: Luyện toàn bộ các chủ đề Part 1 & Part 2 còn lại trong Forecast | I48: 10 - 12h/tuần | J48: Listening & Reading đạt mốc 8.0 vững chắc trong đề Cambridge 18 | K48: Chưa học
A49: Tháng 11 | B49: Tuần 45 | C49: GĐ 4: Thực chiến Cambridge 18 Test 3 & 4 | D49: Giải đề Cam 18 Test 3 & Test 4 (Listening + Reading) | E49: Writing Task 1: Viết nhanh các dạng biểu đồ hiếm gặp (Map quy hoạch, Process tự nhiên) | F49: Speaking: Luyện tập phản xạ Part 3 với các chủ đề trừu tượng (Nghệ thuật, Triết học) | G49: Làm quen với việc tô phiếu trả lời (Answer Sheet) để tránh nhầm dòng | H49: Ôn tập sổ tay Paraphrase và các từ vựng 'tủ' theo chủ đề | I49: 10 - 12h/tuần | J49: Tốc độ làm bài chuẩn xác, không bị tâm lý phòng thi | K49: Chưa học
A50: Tháng 11 | B50: Tuần 46 | C50: GĐ 4: Bộ đề IELTS Trainer 2 & Chữa Đề Chi tiết | D50: Giải 2 đề Listening & Reading từ cuốn IELTS Trainer 2 | E50: Writing: Viết 2 bài Task 2 dạng Two-Part & Problem-Solution; tối ưu liên từ | F50: Speaking: Luyện nói trôi chảy tự nhiên, chú trọng ngữ điệu và nụ cười | G50: Phân tích các câu sai trong IELTS Trainer 2 (thường có độ khó cao hơn Cam) | H50: 10 - 12h/tuần | I50: Xử lý thành thạo các câu hỏi có độ bẫy cao trong Trainer 2 | J50: Chưa học
A51: Tháng 11 | B51: Tuần 47 | C51: GĐ 4: Rà soát Điểm số & Tối ưu Hóa Band Điểm | D51: Làm đề Cambridge 19 Test 1 có bấm giờ phòng thi | E51: Writing: Rà soát lần cuối toàn bộ 10 dạng bài Task 1 và 5 dạng bài Task 2 | F51: Speaking: Mock Test Full 3 Parts với người có chuyên môn (Target: 6.5+) | G51: Tổng hợp các cụm từ đệm tự nhiên cho Speaking để kéo dài thời gian suy nghĩ | H51: 10 - 12h/tuần | I51: Điểm thi thử đạt liên tục từ 7.0 đến 7.5 Overall trong 3 đề gần nhất | J51: Chưa học
A52: Tháng 12 | B52: Tuần 48 | C52: GĐ 4: Thực chiến Cambridge 19 Test 2 & 3 | D52: Giải đề Cam 19 Test 2 & 3 đúng quy trình thi thật | E52: Listening & Reading duy trì phong độ đỉnh cao (34 - 36 câu đúng) | F52: Writing: Viết 2 bài luận Task 2 hoàn chỉnh trong đúng 38 phút/bài | G52: Speaking: Luyện tập 20 chủ đề trọng điểm nhất trong Forecast | H52: 10 - 12h/tuần | I52: Phong độ ổn định vững vàng ở mức 7.0 - 7.5 Overall | J52: Chưa học
A53: Tháng 12 | B53: Tuần 49 | C53: GĐ 4: Thực chiến Cambridge 19 Test 4 & Tổng kết Toàn diện | D53: Giải đề Cambridge 19 Test 4 - Đề thi mới nhất hiện nay | E53: Xem lại toàn bộ Sổ tay lỗi sai (Mistake Log) từ Tháng 1 đến nay | F53: Viết 1 bài Task 1 và 1 bài Task 2 cuối cùng để kiểm tra phong độ chữ viết | G53: Speaking: Luyện nói nhẹ nhàng 20 phút mỗi ngày để duy trì cơ miệng | H53: 10h/tuần | I53: Hoàn thành trọn vẹn bộ đề Cambridge 19 với kết quả xuất sắc | J53: Chưa học
A54: Tháng 12 | B54: Tuần 50 | C54: GĐ 4: Mock Test Tổng duyệt Cuối cùng | D54: Làm 1 buổi MOCK TEST TỔNG DUYỆT ĐẦY ĐỦ 4 KỸ NĂNG (Mục tiêu 7.0 - 7.5) | E54: Chuẩn bị đầy đủ giấy tờ tùy thân (CCCD/Passport), kiểm tra địa điểm thi | F54: Lên kế hoạch di chuyển và chế độ dinh dưỡng, ngủ nghỉ trước ngày thi | G54: Đọc lướt lại sổ tay Paraphrase và các bài mẫu 8.0 để tạo cảm hứng | H54: 8 - 10h/tuần | I54: TÂM LÝ TỰ TIN, SẴN SÀNG 100% BƯỚC VÀO PHÒNG THI THẬT | J54: Chưa học
A55: Tháng 12 | B55: Tuần 51 | C55: GĐ 4: TUẦN THI THẬT - CHINH PHỤC IELTS 7.0+ | D55: Nghỉ ngơi, ngủ đủ 8 tiếng/ngày trước ngày thi 3 ngày; không học kiến thức mới | E55: Khởi động nhẹ nhàng cơ miệng Speaking vào buổi sáng ngày thi | F55: BƯỚC VÀO PHÒNG THI VỚI TINH THẦN TỰ TIN VÀ TẬP TRUNG TỐI ĐA | G55: HOÀN THÀNH XUẤT SẮC KỲ THI IELTS VỚI MỤC TIÊU 7.0+ OVERALL | H55: Thời lượng: Tuần thi chính thức | I55: KPI: HOÀN THÀNH XUẤT SẮC BÀI THI THẬT | J55: Chưa học
A56: Tháng 12 | B56: Tuần 52 | C56: GĐ 4: NHẬN KẾT QUẢ & ĐẠT MỤC TIÊU IELTS 7.0+ | D56: Nhận bảng điểm chính thức từ IDP / BC | E56: Listening: 7.5+ | Reading: 7.5+ | Writing: 6.5 | Speaking: 6.5 => OVERALL 7.0+ | F56: Tổng kết hành trình 1 năm nỗ lực kiên trì và bền bỉ | G56: Ứng dụng chứng chỉ IELTS vào mục tiêu du học, công việc hoặc định cư | H56: Thời lượng: Hoàn thành mục tiêu | I56: KPI: ĐẠT CHỨNG CHỈ IELTS 7.0+ OVERALL CHÍNH THỨC | J56: Chưa học

Sheet Danh Mục Tài Liệu
A1: DANH MỤC TÀI LIỆU & GIÁO TRÌNH CHUẨN CHO 12 THÁNG ÔN THI IELTS 7.0
A3: Giai đoạn | B3: Tên sách / Tài liệu | C3: Kỹ năng chính | D3: Mục đích & Cách sử dụng hiệu quả | E3: Nguồn / Định dạng | F3: Mức độ ưu tiên | G3: Trạng thái sở hữu
A4: Giai đoạn 1 (Tháng 1-3) | B4: English Pronunciation in Use (Elementary / Intermediate) | C4: Phát âm & Nhấn âm | D4: Học phát âm chuẩn 44 âm IPA, trọng âm từ và nối âm | E4: Nhà sách / PDF Audio | F4: Bắt buộc | G4: Chưa có
A5: Giai đoạn 1 (Tháng 1-3) | B5: English Grammar in Use (Raymond Murphy) | C5: Ngữ pháp cốt lõi | D5: Ôn 6 thì cơ bản, câu bị động, mệnh đề quan hệ, câu điều kiện | E5: Nhà sách / PDF | F5: Bắt buộc | G5: Chưa có
A6: Giai đoạn 1 (Tháng 1-3) | B6: Oxford Word Skills (Basic) | C6: Từ vựng đời sống | D6: Nạp 1.500 từ vựng theo chủ đề đời sống hàng ngày | E6: Nhà sách / PDF | F6: Bắt buộc | G6: Chưa có
A7: Giai đoạn 1 (Tháng 1-3) | B7: Spotlight English & BBC 6 Minute English | C7: Nghe & Chép chính tả | D7: Luyện nghe chép chính tả 15 phút mỗi ngày tăng phản xạ nhận diện âm | E7: Website / App / Youtube | F7: Khuyên dùng | G7: Đang dùng
A8: Giai đoạn 2 (Tháng 4-6) | B8: Complete IELTS Band 4.0 - 5.0 (Cambridge) | C8: 4 Kỹ năng cơ bản | D8: Làm quen cấu trúc đề thi, các dạng bài cơ bản và từ vựng học thuật | E8: Nhà sách Cambridge | F8: Bắt buộc | G8: Chưa có
A9: Giai đoạn 2 (Tháng 4-6) | B9: Get Ready for IELTS (Listening, Reading, Writing, Speaking) | C9: Kỹ năng chi tiết | D9: Phân rã từng dạng bài nhỏ và mẹo làm bài không bị bẫy | E9: Collins Series | F9: Khuyên dùng | G9: Chưa có
A10: Giai đoạn 2 (Tháng 4-6) | B10: Basic IELTS Reading & Listening | C10: Bổ trợ Nghe / Đọc | D10: Luyện tập bổ trợ cho Section 1, 2 và Passage 1 | E10: Nhà sách | F10: Tùy chọn | G10: Chưa có
A11: Giai đoạn 3 (Tháng 7-9) | B11: Complete IELTS Band 5.0 - 6.5 & 6.5 - 7.5 | C11: 4 Kỹ năng nâng cao | D11: Học sâu tư duy bài học thuật, phát triển ý Writing và Speaking | E11: Cambridge | F11: Bắt buộc | G11: Chưa có
A12: Giai đoạn 3 (Tháng 7-9) | B12: Collins Writing for IELTS & Collins Speaking for IELTS | C12: Writing & Speaking | D12: Học Collocations và cấu trúc ăn điểm C1 cho kỹ năng Output | E12: Collins Series | F12: Bắt buộc | G12: Chưa có
A13: Giai đoạn 3 (Tháng 7-9) | B13: Cambridge IELTS Practice Tests 11 đến 15 | C13: Luyện đề phân đoạn | D13: Luyện đề theo từng Section và phân tích kỹ Keyword Table | E13: Cambridge | F13: Bắt buộc | G13: Chưa có
A14: Giai đoạn 4 (Tháng 10-12) | B14: Cambridge IELTS Practice Tests 16 đến 19 | C14: Luyện đề thực chiến | D14: Giải full test dưới áp lực thời gian thực tế | E14: Cambridge | F14: Bắt buộc | G14: Chưa có
... A16: Giai đoạn 4 (Tháng 10-12) | B16: Bộ đề Forecast Speaking theo Quý thi | C16: Speaking thực chiến | D16: Luyện phản xạ toàn bộ 50+ chủ đề Part 1 & Part 2 chuẩn bị thi | E16: IELTS Community / Online | F16: Bắt buộc | G16: Chưa có

Sheet Lịch Học Tuần
A1: LỊCH HỌC HÀNG TUẦN (1.5 - 2 TIẾNG / BUỔI TỐI) - LỘ TRÌNH GIÃN CÁCH 12 THÁNG
A3: Thứ / Ngày | B3: Khung giờ gợi ý | C3: Thời lượng | D3: Kỹ năng chính | E3: Nội dung & Bước thực hiện cụ thể | F3: Phương pháp & Công cụ | G3: Trạng thái tuần này
A4: Thứ 2 | B4: 19:30 - 21:15 | C4: 1h 45p | D4: Listening + Vocab | E4: 1. Làm 1-2 Section Listening (30p) 2. Nghe lại & dò Transcript gạch chân từ khóa (30p) 3. Nạp 15 từ vựng mới vào Flashcard/Anki (30p) 4. Nghe nhại lại 15p | F4: Cambridge Audio / Anki / Sổ từ vựng | G4: Chưa
A5: Thứ 3 | B5: 19:30 - 21:15 | C5: 1h 45p | D5: Reading + Grammar | E5: 1. Bấm giờ làm 1 bài Reading Passage (20p) 2. Dò đáp án, lập Bảng từ đồng nghĩa Keyword Table (40p) 3. Học 1 chủ điểm ngữ pháp nâng cao (30p) | F5: Cambridge Reading / Grammar in Use | G5: Chưa
A6: Thứ 4 | B6: 19:30 - 21:30 | C6: 2h 00p | D6: Writing (Task 1 hoặc Task 2) | E6: 1. Lập dàn ý Task 1/2 (10p) & Viết bài (40p) 2. Đọc bài mẫu band 8.0+, ghi chép cụm Collocations hay (40p) 3. Viết lại câu tối ưu hơn (30p) | F6: Simon IELTS / IELTS Advantage | G6: Chưa
A7: Thứ 5 | B7: 19:30 - 21:15 | C7: 1h 45p | D7: Speaking Part 1 & 2 | E7: 1. Luyện nói 5 câu hỏi Part 1 (20p) 2. Chuẩn bị 1 phút & nói 2 phút Part 2 theo Cue card (30p) 3. Thu âm, nghe lại và ghi chú lỗi phát âm, ngắc ngứ (30p) 4. Luyện Shadowing 15p | F7: Ghi âm điện thoại / Elsa Speak | G7: Chưa
A8: Thứ 6 | B8: 19:30 - 21:15 | C8: 1h 45p | D8: Listening + Sửa Writing | E8: 1. Luyện thêm 1 Section nghe khó (Sec 3 hoặc 4) (35p) 2. Lấy lại bài viết của Thứ 4 để tự sửa hoặc đọc nhận xét của giáo viên/AI (40p) 3. Viết lại bài hoàn chỉnh (30p) | F8: Cambridge Audio / ChatGPT sửa lỗi | G8: Chưa
A9: Thứ 7 | B9: 19:30 - 21:30 | C9: 2h 00p | D9: Reading + Speaking Part 3 | E9: 1. Bấm giờ làm 1 Passage Reading nâng cao (25p) 2. Phân tích chi tiết câu sai (35p) 3. Luyện 4 câu Speaking Part 3 theo mô hình P.E.E.L (40p) 4. Ghi chép từ vựng phản biện xã hội (20p) | F9: Forecast Speaking / Collins Speaking | G9: Chưa
A10: Chủ Nhật | B10: 09:00 - 10:30 (hoặc tối) | C10: 1h 30p | D10: Tổng kết tuần & Giải trí | E10: 1. Ôn tập toàn bộ 80-100 từ vựng đã nạp trong tuần qua Flashcard (45p) 2. Nghe Podcast TED Talks / Xem phim tiếng Anh có Engsub (45p) 3. Thư giãn, tái tạo năng lượng cho tuần mới | F10: Anki / TED Talks / Netflix | G10: Chưa

Sheet Theo Dõi Mock Test
A1: BẢNG THEO DÕI KẾT QUẢ THI THỬ & TIẾN ĐỘ 12 THÁNG (MOCK TEST TRACKER)
A2: Nhập điểm từng kỹ năng để tự động tính điểm IELTS Overall theo công thức chuẩn làm tròn 0.5
A4: Lần Test | B4: Thời điểm | C4: Nguồn đề thi | D4: Listening | E4: Reading | F4: Writing | G4: Speaking | H4: OVERALL | I4: Mục tiêu Band | J4: Đánh giá & Kế hoạch khắc phục
A5: Test 1 (Đầu vào) | B5: Đầu Tháng 1 | C5: Diagnostic Test | D5: 4 | E5: 4 | F5: 4 | G5: 4 | H5: =ROUND((D5+E5+F5+G5)/4*2,0)/2 -> 4 | I5: Band 4.0 | J5: Xác định điểm xuất phát, xây lại toàn bộ ngữ pháp & phát âm
A6: Test 2 (Cuối GĐ 1) | B6: Cuối Tháng 3 (W12) | C6: Foundation Test | D6: 4.5 | E6: 4.5 | F6: 4.5 | G6: 4.5 | H6: =ROUND((D6+E6+F6+G6)/4*2,0)/2 -> 4.5 | I6: Band 4.5 | J6: Ngữ pháp vững, phát âm chuẩn, sẵn sàng vào format IELTS
A7: Test 3 (Giữa GĐ 2) | B7: Cuối Tháng 5 (W20) | C7: Cam 11 Test 1 | D7: 5.5 | E7: 5.5 | F7: 5 | G7: 5 | H7: =ROUND((D7+E7+F7+G7)/4*2,0)/2 -> 5.5 | I7: Band 5.0 - 5.5 | J7: Listening Sec 1 tốt, Reading bắt đầu quen dạng T/F/NG
A8: Test 4 (Cuối GĐ 2) | B8: Cuối Tháng 6 (W26) | C8: Cam 12 Test 2 | D8: 6 | E8: 6 | F8: 5.5 | G8: 5.5 | H8: =ROUND((D8+E8+F8+G8)/4*2,0)/2 -> 6 | I8: Band 5.5 - 6.0 | J8: Đạt mốc giữa kỳ! Hoàn thiện cả Task 1 & Task 2 đúng giờ
A9: Test 5 (Giữa GĐ 3) | B9: Cuối Tháng 8 (W34) | C9: Cam 14 Test 2 | D9: 6.5 | E9: 7 | F9: 6 | G9: 6 | H9: =ROUND((D9+E9+F9+G9)/4*2,0)/2 -> 6.5 | I9: Band 6.0 - 6.5 | J9: Reading bứt phá, Speaking Part 2 trôi chảy
A10: Test 6 (Cuối GĐ 3) | B10: Cuối Tháng 9 (W39) | C10: Cam 16 Test 2 | D10: 7 | E10: 7.5 | F10: 6.5 | G10: 6.5 | H10: =ROUND((D10+E10+F10+G10)/4*2,0)/2 -> 7 | I10: Band 6.5 - 7.0 | J10: Đạt chính thức 6.5 Overall, chuẩn bị luyện đề thực chiến
A11: Test 7 (GĐ 4 - W44) | B11: Giữa Tháng 11 | C11: Cam 18 Test 2 | D11: 7.5 | E11: 8 | F11: 6.5 | G11: 6.5 | H11: =ROUND((D11+E11+F11+G11)/4*2,0)/2 -> 7 | I11: Band 7.0+ | J11: Listening & Reading ổn định 7.5 - 8.0
A12: Test 8 (Tổng duyệt W50) | B12: Đầu Tháng 12 | C12: Cam 19 Test 2 | D12: 8 | E12: 8 | F12: 6.5 | G12: 6.5 | H12: =ROUND((D12+E12+F12+G12)/4*2,0)/2 -> 7.5 | I12: Band 7.0 - 7.5 | J12: Sẵn sàng 100% phong độ bước vào phòng thi thật!
